Speed_Size,Speed_Name,Speed_Type,Speed_Role,SS_SCM,SS_Boost_FWD,SS_NAV,SS_Main,SS_Retro,SS_Strafe,SS_Up,SS_Down,SS_Boost_Main,SS_Boost_Retro,SS_Boost_Strafe,SS_Boost_Up,SS_Boost_Down,SS_NAV_Spool_Delay,SS_Boost_Depletion,SS_Boost_Regen
1,85X Limited,Ship,Touring,235,560,"1,250",14.8,4.5,10.5,10.5,5.4,1.65,1.3,1.35,1.35,1.35,4,20.0,26.9
1,100i,Ship,Starter / Pathfinder,223,610,"1,230",11.9,3.6,5.5,5.5,4.7,1.55,1.4,1.3,1.3,1.35,4,20.0,26.9
1,125a,Ship,Light Fighter,230,610,"1,260",12.3,3.8,6.1,6.1,5.2,1.55,1.4,1.3,1.3,1.35,4,20.0,26.9
1,135c,Ship,Light Freight,220,610,"1,250",11.4,4,5.5,5.5,4.7,1.55,1.4,1.3,1.3,1.35,4,20.0,26.9
2,300i,Ship,Luxury Touring,258,550,"1,440",15.6,3.7,5.5,5.5,3.9,1.65,1.3,1.35,1.35,1.35,4,20.0,26.9
2,315p,Ship,Pathfinder,258,550,"1,460",16,3.7,5.5,5.5,3.9,1.65,1.3,1.35,1.35,1.35,4,20.0,26.9
2,325a,Ship,Interceptor,260,600,"1,430",16.1,3.7,6,6,4,1.65,1.3,1.35,1.35,1.35,4,20.0,26.9
2,350r,Ship,Racing,265,490,"1,500",16.5,4,6.4,6.5,4,1.65,1.3,1.35,1.35,1.35,4,25.0,33.5
4,400i,Ship,Expedition,215,500,"1,225",5.7,2.8,3.3,3.3,2.8,1.5,1.2,1.35,1.3,1.2,6,20.0,27.6
5,600i,Ship,Expedition,165,325,975,4.1,2,2,3.6,2,1.5,1.2,1.35,1.3,1.2,6,20.0,27.8
5,600i Touring,Ship,Luxury Touring,165,325,975,4.1,2,2,3.6,2,1.5,1.2,1.35,1.3,1.2,6,20.0,27.8
6,890 Jump,Ship,Luxury Touring,110,280,915,2.5,1.5,1,2,1.5,1.5,1.2,1.35,1.3,1.2,9,20.0,30.7
3,A1 Spirit,Ship,Bomber,204,405,"1,130",8.3,3,4,4,3,1.3,1.3,1.35,1.3,1.3,6,20.0,27.6
5,A2 Hercules Starlifter,Ship,Heavy Bomber,160,320,950,4.4,1.7,2.1,2.2,2.2,1.5,1.2,1.35,1.3,1.2,7,20.0,27.8
5,Apollo Medivac,Ship,Medical,175,340,"1,000",4.2,2.5,3,2,2,1.4,1.4,1.3,1.4,1.3,6,20.0,27.6
5,Apollo Triage,Ship,Medical,170,345,"1,025",4,2.5,2.5,2,2,1.4,1.4,1.3,1.4,1.3,6,20.0,27.6
3,Ares Star Fighter Inferno,Ship,Heavy Fighter,205,385,"1,050",7.8,2.9,4.5,4.5,3.5,1.3,1.25,1.35,1.3,1.3,6,20.0,27.4
3,Ares Star Fighter Ion,Ship,Heavy Fighter,205,385,"1,050",7.8,2.9,4.5,4.5,3.5,1.3,1.25,1.35,1.3,1.3,6,20.0,27.4
2,Arrow,Ship,Light Fighter,229,515,"1,215",13.5,4.5,10.7,10.7,5.2,1.55,1.4,1.3,1.3,1.35,4,20.0,26.9
4,Asgard,Ship,Dropship,203,425,"1,075",4.6,2.5,3.6,3.8,3.8,1.5,1.4,1.2,1.3,1.4,6,20.0,27.6
2,Aurora CL,Ship,Light Freight,220,440,"1,150",10.3,3.9,6,6,4.6,1.4,1.3,1.35,1.3,1.4,4,20.0,26.9
2,Aurora ES,Ship,Starter / Pathfinder,222,440,"1,180",11.1,3.9,6.9,6.9,5.1,1.4,1.3,1.35,1.3,1.4,4,20.0,26.9
2,Aurora LN,Ship,Light Fighter,225,450,"1,200",11.8,4,7.2,7.2,5.6,1.4,1.3,1.35,1.3,1.4,4,20.0,26.9
2,Aurora LX,Ship,Pathfinder,222,440,"1,250",11.5,3.9,6.2,6.2,5.1,1.4,1.3,1.35,1.3,1.4,4,20.0,26.9
2,Aurora Mk II,Ship,Starter / Light Fighter,225,460,"1,230",11.5,3.8,6.5,6.5,5,1.65,1.3,1.35,1.3,1.4,4,20.0,27.3
2,Aurora Mk I SE,Ship,Light Fighter,225,450,"1,200",11.8,3.9,7.1,7.1,5.6,1.4,1.3,1.35,1.3,1.4,4,20.0,26.9
2,Aurora MR,Ship,Light Fighter,227,470,"1,230",12.3,3.9,6,6,4.7,1.4,1.3,1.35,1.3,1.4,4,20.0,26.9
2,Avenger Stalker,Ship,Interceptor,262,610,"1,425",15.5,4,6,6,4,1.675,1.3,1.35,1.35,1.35,4,20.0,26.9
2,Avenger Titan,Ship,Light Freight,262,610,"1,425",15.5,4,6,6,4,1.675,1.3,1.35,1.35,1.35,4,20.0,26.9
2,Avenger Titan Renegade,Ship,Light Freight,262,610,"1,425",15.5,4,6,6,4,1.675,1.3,1.35,1.35,1.35,4,20.0,26.9
2,Avenger Warlock,Ship,Interdiction,262,610,"1,425",15.5,4,6,6,4,1.675,1.3,1.35,1.35,1.35,4,20.0,26.9
4,Ballista,Ground Vehicle,Anti-Air,,,,,,,,,,,,,,,,
2,Blade,Ship,Light Fighter,227,500,"1,191",13,4.4,10,10,4.9,1.55,1.4,1.3,1.3,1.35,4,20.0,26.9
2,Buccaneer,Ship,Light Fighter,240,600,"1,400",15,3.4,4.4,6,3.4,1.7,1.3,1.35,1.35,1.35,4,25.0,33.7
3,C1 Spirit,Ship,Light Freight,204,405,"1,130",8.3,3,4,4,3,1.3,1.3,1.35,1.3,1.3,6,20.0,27.6
5,C2 Hercules Starlifter,Ship,Medium Freight,160,320,950,4.4,1.7,2.1,2.2,2.2,1.5,1.2,1.35,1.3,1.2,7,20.0,27.8
1,C8 Pisces,Ship,Pathfinder,220,460,"1,150",7.9,2.4,4.4,6.2,5.4,1.55,1.4,1.3,1.3,1.3,4,20.0,27.8
1,C8R Pisces Rescue,Ship,Medical,220,460,"1,150",7.9,2.4,4.4,6.2,5.4,1.55,1.4,1.3,1.3,1.3,4,20.0,27.8
1,C8X Pisces Expedition,Ship,Pathfinder,220,460,"1,150",7.9,2.4,4.4,6.2,5.4,1.55,1.4,1.3,1.3,1.3,4,20.0,27.8
5,Carrack,Ship,Expedition,140,315,"1,050",3.8,1.5,1.1,2,1.1,1.5,1.2,1.35,1.3,1.2,7,20.0,28
5,Caterpillar,Ship,Medium Freight,130,300,900,3.8,1.5,2.5,2.5,1.5,1.35,1.4,1.3,1.4,1.3,7,20.0,28
5,Caterpillar Pirate,Ship,Medium Freight,130,300,900,3.8,1.5,2.5,2.5,1.5,1.35,1.4,1.3,1.4,1.3,7,20.0,28
4,Centurion,Ground Vehicle,Anti-Air,,,,,,,,,,,,,,,,
2,Clipper,Ship,Generalist,205,405,"1,000",8.9,3.4,5.5,5.4,4.4,1.4,1.3,1.35,1.3,1.3,4,20.0,27.6
2,Command Module,Ship,Transport,200,350,950,4.9,3.7,3.9,3.9,3.4,1.4,1.35,1.3,1.3,1.3,4,20.0,26.9
4,Constellation Andromeda,Ship,Medium Freight / Gun Ship,190,390,"1,000",5.2,2.6,2.6,3.1,2.6,1.5,1.2,1.35,1.3,1.2,6,20.0,27.6
4,Constellation Aquila,Ship,Expedition,180,380,"1,075",5,2.5,2.6,3.2,2.6,1.5,1.2,1.35,1.3,1.2,6,20.0,27.6
4,Constellation Phoenix,Ship,Luxury Touring,185,385,995,5.1,2.5,2.5,3.1,2.5,1.5,1.2,1.35,1.3,1.2,6,20.0,27.6
4,Constellation Taurus,Ship,Medium Freight,180,380,950,5,2.5,2.6,3.2,2.6,1.5,1.2,1.35,1.3,1.2,6,20.0,27.6
4,Corsair,Ship,Expedition,190,390,"1,025",5.1,2,2,2.6,2.1,1.5,1.2,1.35,1.3,1.2,6,20.0,27.6
1,CSV-SM,Ground Vehicle,Light Freight,,,,,,,,,,,,,,,,
3,Cutlass Black,Ship,Light Freight / Medium Fighter,217,465,"1,150",10.3,3.8,8,8.2,4.1,1.5,1.4,1.35,1.3,1.4,6,27.7,28.7
3,Cutlass Blue,Ship,Interdiction,220,467,"1,165",10.3,3.8,8,8.3,4.1,1.5,1.4,1.35,1.3,1.4,6,27.7,28.7
3,Cutlass Red,Ship,Medical,212,460,"1,125",10.3,3.8,8,8.3,4.2,1.5,1.4,1.35,1.3,1.4,6,27.7,28.7
3,Cutlass Steel,Ship,Dropship,200,420,"1,100",9.7,3.3,3.9,5.4,5.9,1.5,1.4,1.2,1.3,1.4,6,20.0,27.6
2,Cutter,Ship,Starter / Pathfinder,180,380,"1,010",8.4,3.1,6.6,5.2,3.6,1.4,1.35,1.3,1.3,1.3,4,20.0,26.9
2,Cutter Rambler,Ship,Expedition,180,380,"1,010",8.4,3.1,6.6,5.2,3.6,1.4,1.35,1.3,1.3,1.3,4,20.0,26.9
2,Cutter Scout,Ship,Pathfinder,180,380,"1,010",7.8,2.9,5.8,4.8,3.4,1.4,1.35,1.3,1.3,1.3,4,20.0,26.9
1,Cyclone,Ground Vehicle,Passenger,,,,,,,,,,,,,,,,
1,Cyclone AA,Ground Vehicle,Anti-Air,,,,,,,,,,,,,,,,
1,Cyclone MT,Ground Vehicle,Anti-Air,,,,,,,,,,,,,,,,
1,Cyclone RC,Ground Vehicle,Racing,,,,,,,,,,,,,,,,
1,Cyclone RN,Ground Vehicle,Pathfinder,,,,,,,,,,,,,,,,
1,Cyclone TR,Ground Vehicle,Anti-Vehicle,,,,,,,,,,,,,,,,
2,Defender,Ship,Light Fighter,222,480,"1,175",11.9,4.2,8.9,8.8,4.4,1.55,1.4,1.35,1.3,1.35,4,20.0,27.2
1,Dragonfly,Gravlev,Racing,190,270,270,2.4,2.1,1.5,1.9,1.9,1.35,1.35,1.3,1.2,1.2,,20.0,19.5
1,Dragonfly Yellowjacket,Gravlev,Racing,190,270,270,2.4,2.1,1.5,1.9,1.9,1.35,1.35,1.3,1.2,1.2,,20.0,19.5
2,Eclipse,Ship,Stealth Bomber,210,510,"1,100",10.5,4.5,6.5,6.5,3.5,1.5,1.4,1.35,1.3,1.4,4,20.0,27.3
2,F7A Hornet Mk I,Ship,Medium Fighter,220,479,"1,146",10.7,3.8,6.9,7.8,4.2,1.55,1.4,1.35,1.35,1.35,4,20.0,27.2
2,F7A Hornet Mk II,Ship,Medium Fighter,220,479,"1,146",10.8,3.9,7.3,7.7,4.4,1.55,1.4,1.35,1.35,1.35,4,20.0,27.2
2,F7C Hornet Mk I,Ship,Medium Fighter,220,480,"1,150",11.4,4,7.9,8.2,7.5,1.55,1.4,1.35,1.35,1.35,4,20.0,27.2
2,F7C Hornet Mk II,Ship,Medium Fighter,220,480,"1,150",11,3.9,7.6,8,4.6,1.55,1.4,1.35,1.35,1.35,4,20.0,27.2
2,F7C Hornet Wildfire Mk I,Ship,Medium Fighter,220,480,"1,150",11.3,4,7.9,8.1,7.4,1.55,1.4,1.35,1.35,1.35,4,20.0,27.2
2,F7C-M Hornet Heartseeker Mk I,Ship,Medium Fighter,219,477,"1,142",10.9,3.9,7.2,7.9,4.4,1.55,1.4,1.35,1.35,1.35,4,20.0,27.2
2,F7C-M Hornet Heartseeker Mk II,Ship,Medium Fighter,215,465,"1,125",9.8,3.2,6.5,6.9,4,1.55,1.4,1.35,1.35,1.35,4,20.0,27.2
2,F7C-M Super Hornet Mk I,Ship,Medium Fighter,219,477,"1,142",10.9,3.9,7.2,7.9,4.4,1.55,1.4,1.35,1.35,1.35,4,20.0,27.2
2,F7C-M Super Hornet Mk II,Ship,Medium Fighter,215,465,"1,125",9.8,3.2,6.5,6.9,4,1.55,1.4,1.35,1.35,1.35,4,20.0,27.2
2,F7C-R Hornet Tracker Mk I,Ship,Pathfinder,219,477,"1,142",11.2,4,7.6,8,4.7,1.55,1.4,1.35,1.35,1.35,4,20.0,27.2
2,F7C-R Hornet Tracker Mk II,Ship,Pathfinder,220,480,"1,150",11,3.9,7.6,8,4.6,1.55,1.4,1.35,1.35,1.35,4,20.0,27.2
2,F7C-S Hornet Ghost Mk I,Ship,Stealth Fighter,219,477,"1,142",11.1,4,7.8,8.1,4.8,1.55,1.4,1.35,1.35,1.35,4,20.0,27.2
2,F7C-S Hornet Ghost Mk II,Ship,Stealth Fighter,220,480,"1,150",11,3.9,7.6,8,4.6,1.55,1.4,1.35,1.35,1.35,4,20.0,27.2
2,F8C Lightning,Ship,Heavy Fighter,210,445,"1,075",10,3.5,6.5,6.5,3.5,1.5,1.4,1.35,1.3,1.4,4,20.0,27.4
2,Fortune,Ship,Light Salvage,143,350,975,5,3.8,2.9,3.8,3.7,1.4,1.4,1.3,1.4,1.3,4,20.0,28.7
3,Freelancer,Ship,Light Freight,197,400,"1,050",6,2.5,4.5,4.5,3,1.3,1.4,1.35,1.4,1.35,6,20.0,27.4
3,Freelancer DUR,Ship,Expedition,200,403,"1,100",6.5,2.5,4.4,4.5,3,1.3,1.4,1.35,1.4,1.35,6,20.0,27.4
3,Freelancer MAX,Ship,Medium Freight,195,395,"1,025",6,2.5,3,3,2.5,1.3,1.4,1.35,1.4,1.35,6,20.0,27.4
3,Freelancer MIS,Ship,Gunship,204,410,"1,000",7.5,3,4.6,4.6,4,1.3,1.4,1.35,1.4,1.35,6,20.0,27.4
1,Fury,Ship,Snub Fighter,230,550,550,13,4.5,10,10.8,10.8,1.55,1.4,1.3,1.3,1.3,,20.0,26.9
1,Fury LX,Ship,Racing,900,1280,1280,16.5,4.5,12.3,12.9,12.9,1.55,1.35,1.35,1.35,1.35,,25.0,33.5
1,Fury MX,Ship,Snub Bomber,230,550,550,13,4.5,10,10.8,10.8,1.55,1.4,1.3,1.3,1.3,,20.0,26.9
2,Gladiator,Ship,Bomber,210,480,"1,125",9.5,3.8,5.7,6.6,2.8,1.55,1.4,1.35,1.3,1.35,4,20.0,27.2
2,Gladius,Ship,Light Fighter,226,520,"1,193",13.6,4.2,10,10,5,1.55,1.4,1.3,1.3,1.35,4,20.0,26.9
2,Gladius Dunlevy,Ship,Light Fighter,226,520,"1,193",13.6,4.2,10,10,5,1.55,1.4,1.3,1.3,1.35,4,20.0,26.9
2,Gladius Pirate,Ship,Light Fighter,226,520,"1,193",13.6,4.2,10,10,5,1.55,1.4,1.3,1.3,1.35,4,20.0,26.9
2,Gladius Valiant,Ship,Light Fighter,226,520,"1,193",13.6,4.2,10,10,5,1.55,1.4,1.3,1.3,1.35,4,20.0,26.9
3,Glaive,Ship,Medium Fighter,218,480,"1,150",10.5,4,7.7,7.7,4.5,1.55,1.4,1.35,1.3,1.35,4,20.0,27.2
2,Golem,Ship,Starter / Light Mining,203,280,"1,010",9.7,4.4,5.8,6.8,3.9,1.55,1.4,1.3,1.3,1.35,4,20.0,26.9
2,Golem OX,Ship,Light Freight,200,280,"1,000",9.7,4.3,5.8,6.8,3.8,1.55,1.4,1.3,1.3,1.35,4,20.0,26.9
2,Guardian,Ship,Heavy Fighter,213,465,"1,125",10.1,3.8,8.2,8.2,8.2,1.5,1.4,1.35,1.3,1.4,6,20.0,27.4
2,Guardian MX,Ship,Heavy Fighter,208,455,"1,100",9.1,3.5,6.8,6.8,6.8,1.5,1.4,1.35,1.3,1.4,6,20.0,27.4
2,Guardian QI,Ship,Interdiction,210,460,"1,100",10.3,3.8,8.2,8.2,8.2,1.5,1.4,1.35,1.3,1.4,6,20.0,27.4
5,Hammerhead,Ship,Heavy Gunship,160,340,"1,000",5,2,2,2.5,2.5,1.5,1.2,1.35,1.3,1.2,7,20.0,27.8
5,Hammerhead Gold Standard,Ship,Heavy Gunship,160,340,"1,000",,,,,,1.5,1.2,1.35,1.3,1.2,7,20.0,27.8
2,Hawk,Ship,Light Fighter,225,490,"1,217",12.8,4.1,9.7,9.7,4.8,1.55,1.4,1.3,1.3,1.35,4,20.0,26.9
2,Herald,Ship,Medium Data,245,670,"1,450",16.2,4.2,4.3,5.7,3.3,1.8,1.3,1.35,1.35,1.35,4,20.0,27.1
5,Hermes,Ship,Medium Freight,180,370,"1,200",3.9,2.4,1.9,1.9,1.9,1.4,1.4,1.3,1.4,1.3,6,20.0,27.6
1,HoverQuad,Gravlev,Passenger,200,280,280,2.5,2.1,1.3,1.9,1.9,1.35,1.35,1.3,1.2,1.2,,20.0,19.5
2,Hull A,Ship,Light Freight,185,385,"1,050",7.4,4,4.4,4.4,4,1.4,1.4,1.3,1.4,1.3,4,20.0,27.8
4,Hull B,Ship,Medium Freight,145,340,960,5.6,3.4,3.5,3.5,2.4,1.4,1.4,1.3,1.4,1.3,6,20.0,27.8
5,Hull C,Ship,Heavy Freight,110,290,890,3,2.2,0.8,2.2,2.2,1.35,1.4,1.3,1.4,1.3,7,20.0,27.8
2,Hurricane,Ship,Heavy Fighter,214,480,"1,125",10,3.6,7.5,7.5,4.4,1.55,1.4,1.33,1.3,1.34,4,20.0,27.4
6,Idris M,Ship,Frigate,110,220,850,2,1.5,0.8,2,1.8,1.5,1.2,1.35,1.3,1.2,9,15.0,31.3
6,Idris P,Ship,Frigate,110,220,850,2,1.5,0.8,2,1.8,1.5,1.2,1.35,1.3,1.2,9,15.0,31.3
2,Intrepid,Ship,Starter / Light Freight,227,455,"1,225",12.6,3.8,5.7,6.5,5.6,1.4,1.3,1.35,1.3,1.4,4,20.0,26.9
3,Khartu-al,Ship,Light Fighter,224,504,"1,183",12,4.4,12,12,12,1.4,1.35,1.4,1.4,1.4,4,20.0,27.2
2,L-21 Wolf,Ship,Light Fighter,230,510,"1,225",15,4.7,9.7,9.7,5.5,1.4,1.3,1.35,1.3,1.4,4,20.0,26.9
2,L-22 Alpha Wolf,Ship,Light Fighter,225,500,"1,225",14,4.7,10.2,10.2,5.5,1.4,1.3,1.35,1.3,1.4,4,20.0,26.9
3,Lynx,Ground Vehicle,Luxury Touring,,,,,,,,,,,,,,,,
5,M2 Hercules Starlifter,Ship,Medium Freight,160,320,950,4.4,1.7,2.1,2.2,2.2,1.5,1.2,1.35,1.3,1.2,7,20.0,27.8
1,M50 Interceptor,Ship,Racing,280,490,"1,575",18.2,4,5.4,5.5,4.4,1.65,1.3,1.35,1.35,1.35,4,25.0,33.5
2,Mantis,Ship,Interdiction,236,605,"1,400",14.9,3.5,4.4,5.8,3.4,1.67,1.3,1.35,1.35,1.35,4,20.0,27.1
1,MDC,Ground Vehicle,Anti-Air,,,,,,,,,,,,,,,,
4,Mercury Star Runner,Ship,Medium Freight,217,510,"1,300",6.2,3.1,2.6,3.1,2.6,1.7,1.2,1.35,1.3,1.2,6,20.0,27.6
2,Meteor,Ship,Medium Fighter,229,570,"1,405",15.3,3,4.2,5.5,3.2,1.67,1.3,1.35,1.35,1.35,4,20.0,27.1
3,MOLE,Ship,Medium Mining,140,340,960,4.9,3.4,2.7,3,2.9,1.41,1.39,1.3,1.4,1.3,6,20.0,27.8
3,MOTH,Ship,Medium Salvage,140,340,960,5,3.5,3,3,3,1.41,1.39,1.3,1.4,1.3,6,20.0,27.8
1,MPUV Cargo,Ship,Light Freight,170,360,360,3.8,2.7,1.9,2.8,2.4,1.4,1.35,1.3,1.3,1.3,,20.0,27.8
1,MPUV Personnel,Ship,Passenger,170,360,360,3.8,2.7,1.9,2.8,2.4,1.4,1.35,1.3,1.3,1.3,,20.0,27.8
1,MPUV Tractor,Ship,Light Freight,175,365,365,5,2.9,1.6,4.9,2.1,1.4,1.35,1.3,1.3,1.3,,20.0,27.8
1,MTC,Ground Vehicle,Passenger,,,,,,,,,,,,,,,,
1,Mule,Ground Vehicle,Light Freight,,,,,,,,,,,,,,,,
2,Mustang Alpha,Ship,Starter / Light Freight,228,500,"1,218",12.7,4.2,9.8,9.8,5,1.55,1.4,1.3,1.3,1.35,4,20.0,26.9
2,Mustang Beta,Ship,Pathfinder,228,500,"1,218",12.8,4.2,9.8,9.7,4.9,1.55,1.4,1.3,1.3,1.35,4,20.0,26.9
2,Mustang Delta,Ship,Light Fighter,226,500,"1,195",12.4,4,9.5,9.5,4.9,1.55,1.4,1.3,1.3,1.35,4,20.0,26.9
2,Mustang Gamma,Ship,Racing,244,533,"1,230",14,4.7,11,11,6,1.55,1.4,1.3,1.3,1.35,4,25.0,33.5
2,Mustang Omega,Ship,Racing,244,533,"1,230",14,4.7,11,11,6,1.55,1.4,1.3,1.3,1.35,4,25.0,33.5
2,Nomad,Ship,Starter / Light Freight,205,450,"1,100",10.1,3.5,6,7.8,4.7,1.55,1.4,1.3,1.3,1.35,4,20.0,26.9
4,Nova,Ground Vehicle,Heavy Tank,,,,,,,,,,,,,,,,
1,Nox,Gravlev,Racing,225,305,305,3.1,2.7,1.4,2.5,2.3,2.3,1.2,1.7,1.2,1.2,,10.0,3.5
1,P-52 Merlin,Ship,Snub Fighter,275,605,605,16.5,3.5,6,5.9,4.5,1.65,1.3,1.35,1.35,1.35,,25.0,33.5
1,P-72 Archimedes,Ship,Racing,270,620,620,16.7,3.7,6.5,6.5,4.5,1.65,1.3,1.35,1.35,1.35,,25.0,33.5
4,Paladin,Ship,Gunship,175,340,950,4.5,2.3,2.5,2.4,1.9,1.5,1.2,1.35,1.3,1.2,6,20.0,27.6
5,Perseus,Ship,Heavy Gunship,150,350,"1,050",5.4,1.8,1.9,1.9,1.9,1.5,1.2,1.35,1.3,1.2,7,20.0,27.8
6,Polaris,Ship,Corvette,145,250,940,2.7,1.5,1.5,2,2,1.5,1.2,1.35,1.3,1.2,7,20.0,28
2,Prospector,Ship,Light Mining,156,371,994,5,3.8,3,3.5,3.5,1.4,1.4,1.3,1.4,1.3,4,20.0,27.8
3,Prowler,Ship,Dropship,212,450,"1,200",9.1,3,4.1,5.1,5.1,1.5,1.4,1.2,1.3,1.4,6,20.0,27.6
3,Prowler Utility,Ship,Light Freight,208,437,"1,110",8.2,3,3.6,4.6,4.6,1.5,1.4,1.2,1.3,1.4,6,20.0,27.6
1,PTV,Ground Vehicle,Passenger,,,,,,,,,,,,,,,,
1,Pulse,Gravlev,Pathfinder,204,284,284,2.7,2.4,1.3,1.9,1.9,1.3,1.3,1.3,1.2,1.2,,15.0,9.5
1,Pulse LX,Gravlev,Racing,218,298,298,2.9,2.5,1.5,2.2,2.2,2.3,1.2,1.8,1.2,1.2,,10.0,3.5
3,RAFT,Ship,Medium Freight,140,340,990,4,2.1,3,3,2,1.4,1.4,1.3,1.4,1.3,6,20.0,27.8
1,Razor,Ship,Racing,265,595,"1,450",16.5,3.6,7,7,4.5,1.65,1.3,1.35,1.35,1.35,4,20.0,26.9
1,Razor EX,Ship,Stealth Fighter,265,595,"1,450",16.5,3.6,7,6.9,4.5,1.65,1.3,1.35,1.35,1.35,4,20.0,26.9
1,Razor LX,Ship,Racing,275,490,"1,525",17,3.6,8,8,4.5,1.65,1.3,1.35,1.35,1.35,4,25.0,33.5
6,Reclaimer,Ship,Heavy Salvage,110,290,870,2,1.5,1,2,2,1.35,1.4,1.3,1.4,1.3,7,20.0,27.8
4,Redeemer,Ship,Gunship,203,400,"1,050",10,2.7,5,5,3,1.3,1.25,1.35,1.3,1.3,6,20.0,27.7
3,Reliant Kore,Ship,Starter / Light Freight,218,480,"1,150",11.6,5.2,7.9,7.9,7.9,1.55,1.4,1.33,1.3,1.35,4,20.0,27.2
3,Reliant Mako,Ship,Reporting,220,480,"1,150",11.3,5.5,7.9,7.9,7.9,1.55,1.4,1.33,1.3,1.35,4,20.0,27.2
3,Reliant Sen,Ship,Light Science,220,480,"1,150",11.3,5.5,7.9,7.9,7.9,1.55,1.4,1.33,1.3,1.35,4,20.0,27.2
3,Reliant Tana,Ship,Light Fighter,222,480,"1,150",11.8,6.3,8.4,8.4,8.4,1.55,1.4,1.33,1.3,1.35,4,20.0,27.2
4,Retaliator,Ship,Modular,205,400,"1,100",5.1,2.5,2.5,3.1,2.5,1.5,1.2,1.35,1.3,1.2,6,20.0,27.6
1,ROC,Ground Vehicle,Light Mining,,,,,,,,,,,,,,,,
1,ROC-DS,Ground Vehicle,Light Mining,,,,,,,,,,,,,,,,
2,Sabre,Ship,Stealth Fighter,223,480,"1,235",12.2,4.3,8.6,9.1,4.8,1.55,1.4,1.35,1.3,1.35,4,20.0,27.2
2,Sabre Comet,Ship,Stealth Fighter,223,480,"1,235",12.2,4.3,8.6,9.1,4.8,1.55,1.4,1.35,1.3,1.35,4,20.0,27.2
2,Sabre Firebird,Ship,Stealth Fighter,240,600,"1,400",14.7,3.4,4.4,5.8,3.4,1.7,1.3,1.35,1.35,1.35,4,25.0,33.7
2,Sabre Peregrine,Ship,Racing,267,655,"1,447",16.9,3.5,5.2,6.8,4.2,1.79,1.23,1.35,1.35,1.35,4,25.0,33.7
2,Sabre Raven,Ship,Interdiction,240,600,"1,400",15,3.4,4.5,6,3.4,1.7,1.3,1.35,1.35,1.35,4,25.0,33.7
2,Salvation,Ship,Starter / Light Salvage,205,290,"1,150",7.6,3.8,6.5,6.4,4.4,1.55,1.4,1.3,1.3,1.35,4,20.0,27.4
2,San'tok.yāi,Ship,Medium Fighter,227,493,"1,161",12,10.9,12.3,10,10,1.55,1.4,1.35,1.35,1.35,4,20.0,27.2
2,Scorpius,Ship,Heavy Fighter,230,590,"1,385",14.7,3.8,4.9,4.8,3.4,1.65,1.3,1.35,1.3,1.4,4,20.0,27.3
2,Scorpius Antares,Ship,Heavy Fighter,230,590,"1,385",14.3,3.7,4.8,4.7,3.3,1.65,1.3,1.35,1.3,1.4,4,20.0,27.3
3,Scythe,Ship,Medium Fighter,222,480,"1,150",11.5,4,7,7,4,1.55,1.4,1.35,1.3,1.35,4,20.0,27.2
3,Shiv,Ship,Heavy Fighter,219,479,"1,175",10.4,3.7,6.4,6.4,3.9,1.5,1.4,1.35,1.3,1.4,6,20.0,26.9
4,Spartan,Ground Vehicle,Passenger,,,,,,,,,,,,,,,,
3,SRV,Ship,Recovery,200,460,"1,100",3.8,2,1.3,2,2,1.35,1.4,1.3,1.4,1.3,6,20.0,27.8
5,Starfarer,Ship,Heavy Refueling,106,295,845,2.6,1.4,1.5,2.1,2,1.35,1.4,1.3,1.4,1.3,7,20.0,27.8
5,Starfarer Gemini,Ship,Heavy Refueling,106,295,845,2.6,1.4,1.5,2.1,2,1.35,1.4,1.3,1.4,1.3,7,20.0,27.8
5,Starlancer MAX,Ship,Medium Freight,160,325,990,3.2,1.7,2,2.4,2.4,1.35,1.4,1.3,1.4,1.3,6,20.0,29.7
5,Starlancer TAC,Ship,Gunship,150,315,960,2.9,1.6,1.8,2.1,2.1,1.35,1.4,1.3,1.4,1.3,6,20.0,29.7
3,Stinger,Ship,Heavy Fighter,207,440,"1,050",8,2.7,5,5,4.5,1.5,1.4,1.35,1.3,1.4,6,20.0,27.4
4,Storm,Ground Vehicle,Light Tank,,,,,,,,,,,,,,,,
4,Storm AA,Ground Vehicle,Light Tank,,,,,,,,,,,,,,,,
1,STV,Ground Vehicle,Passenger,,,,,,,,,,,,,,,,
3,Syulen,Ship,Starter / Pathfinder,225,450,"1,175",9.2,4.1,9.2,9.2,5.1,1.55,1.4,1.3,1.3,1.3,4,20.0,26.9
1,Talon,Ship,Light Fighter,225,500,"1,190",13.1,4.2,9.7,6.9,5.2,1.55,1.4,1.3,1.3,1.35,4,20.0,26.9
1,Talon Shrike,Ship,Light Fighter,225,500,"1,190",13.5,4.4,10.1,7.1,5.3,1.55,1.4,1.3,1.3,1.35,4,20.0,26.9
2,Terrapin,Ship,Pathfinder,200,320,"1,150",9.2,2.4,3,3.4,3.4,1.5,1.4,1.2,1.3,1.4,4,20.0,27.6
2,Terrapin Medic,Ship,Medical,200,320,"1,150",9.2,2.4,3,3.4,3.4,1.5,1.4,1.2,1.3,1.4,4,20.0,27.6
3,Ursa,Ground Vehicle,Pathfinder,,,,,,,,,,,,,,,,
3,Ursa Medivac,Ground Vehicle,Medical,,,,,,,,,,,,,,,,
1,UTV,Ground Vehicle,Passenger,,,,,,,,,,,,,,,,
4,Valkyrie,Ship,Dropship,207,431,"1,110",5.6,2.5,4.1,4.3,4.3,1.5,1.4,1.2,1.3,1.4,6,20.0,27.6
3,Vanguard Harbinger,Ship,Heavy Fighter / Bomber,212,462,"1,085",9.1,3.2,6.6,6.6,4,1.5,1.4,1.35,1.3,1.4,6,20.0,27.4
3,Vanguard Hoplite,Ship,Dropship,209,435,"1,115",10.7,2.4,4.1,4.6,5.2,1.5,1.4,1.2,1.3,1.4,6,20.0,27.6
3,Vanguard Sentinel,Ship,Heavy Fighter / Bomber,217,462,"1,075",9.1,3.3,6.5,6.6,4,1.5,1.4,1.35,1.3,1.4,6,20.0,27.4
3,Vanguard Warden,Ship,Heavy Fighter,210,458,"1,075",9.1,3.2,6.6,6.6,4,1.5,1.4,1.35,1.3,1.4,6,20.0,27.4
2,Vulture,Ship,Light Salvage,200,350,"1,100",5.6,3,4.1,4.1,3,1.3,1.4,1.35,1.4,1.35,4,20.0,27.8
1,X1,Gravlev,Passenger,207,287,287,2.7,2.6,1.3,1.9,1.9,1.35,1.35,1.35,1.2,1.2,,15.0,9.5
1,X1 Force,Gravlev,Passenger,207,287,287,2.7,2.5,1.3,1.9,1.9,1.35,1.35,1.35,1.2,1.2,,15.0,9.5
1,X1 Velocity,Gravlev,Racing,222,302,302,3,2.8,1.5,2.4,2.3,2.3,1.2,2,1.2,1.2,,11.0,4.8
3,Zeus CL,Ship,Medium Freight,200,400,"1,000",7.8,2.6,3.1,3.1,2.7,1.3,1.25,1.35,1.3,1.3,6,20.0,27.6
3,Zeus ES,Ship,Expedition,205,405,"1,100",8.5,2.6,3,3,2.7,1.3,1.25,1.35,1.3,1.3,6,20.0,27.6
